priority,id,athleteName,sport,year,nationalityAsCurrentlyListed,personType,caseSourceUrl,sourceLocator,followupStatus,heldReason
1,usada-c459cc791bed,Ella Nicholson,舉重,2024,美國,Athlete,https://www.usada.org/sanction-public-warning/ella-nicholson-accepts-public-warning/,U.S. Weightlifting Athlete Ella Nicholson Accepts Public Warning：個案公告標題及全部個案實質段落；含物質／規則、處分、日期與成績後果，止於通用教育資訊前,not_in_previous_44,
2,usada-18da72e16a59,Mariah Park,舉重,2023,美國,Athlete,https://www.usada.org/sanction/mariah-park-accepts-public-warning/,U.S. Weightlifting Athlete Mariah Park Accepts Public Warning：個案公告標題及全部個案實質段落；含物質／規則、處分、日期與成績後果，止於通用教育資訊前,not_in_previous_44,
3,usada-42343d04a699,Katelyn Kirby,舉重,2023,美國,Athlete,https://www.usada.org/sanction/katelyn-kirby-accepts-doping-sanction/,U.S. Weightlifting Athlete Katelyn Kirby Accepts Sanction for Anti-Doping Rule Violation：個案公告標題及全部個案實質段落；含物質／規則、處分、日期與成績後果，止於通用教育資訊前,not_in_previous_44,
4,usada-cbf0f5afcf61,Evan Forrest,舉重,2023,美國,Athlete,https://www.usada.org/sanction/evan-forrest-accepts-doping-sanction/,U.S. Weightlifting Athlete Evan Forrest Accepts Sanction for Anti-Doping Rule Violation：個案公告標題及全部個案實質段落；含物質／規則、處分、日期與成績後果，止於通用教育資訊前,not_in_previous_44,
5,usada-ea30e84daaab,Chad Olsen,舉重,2023,美國,Athlete,https://www.usada.org/sanction/chad-olen-accepts-doping-sanction/,U.S. Weightlifting Athlete Chad Olsen Accepts Sanction for Anti-Doping Rule Violation：個案公告標題及全部個案實質段落；含物質／規則、處分、日期與成績後果，止於通用教育資訊前,not_in_previous_44,
6,usada-06ec1067d02c,Clint Jordan,舉重,2022,美國,Athlete,https://www.usada.org/sanction/clint-jordan-receives-doping-sanction/,U.S. Weightlifting Athlete Clint Jordan Receives Sanction for Anti-Doping Rule Violation：個案公告標題及全部個案實質段落；含物質／規則、處分、日期與成績後果，止於通用教育資訊前,not_in_previous_44,
7,usada-88685d4069ae,Keiser Witte,舉重,2022,美國,Athlete,https://www.usada.org/sanction/keiser-witte-accepts-doping-sanction/,U.S. Weightlifting Athlete Keiser Witte Accepts Sanction for Anti-Doping Rule Violation：個案公告標題及全部個案實質段落；含物質／規則、處分、日期與成績後果，止於通用教育資訊前,not_in_previous_44,
8,usada-a37e4ef92abb,Christian Rodriguez Ocasio,舉重,2022,美國,Athlete,https://www.usada.org/sanction/christian-rodriguez-ocasio-accepts-doping-sanction/,U.S. Weightlifting Athlete Christian Rodriguez Ocasio Accepts Sanction for Anti-Doping Rule Violation：個案公告標題及全部個案實質段落；含物質／規則、處分、日期與成績後果，止於通用教育資訊前,not_in_previous_44,
9,usada-003de817c96a,Hillary Tran,舉重,2021,美國,Athlete,https://www.usada.org/sanction/hillary-tran-accepts-doping-sanction/,U.S. Weightlifting Athlete Hillary Tran Accepts Sanction for Anti-Doping Rule Violation：個案公告標題及全部個案實質段落；含物質／規則、處分、日期與成績後果，止於通用教育資訊前,not_in_previous_44,
10,usada-159a9ae15f32,Ian Wilson,舉重,2021,美國,Athlete,https://www.usada.org/sanction/ian-wilson-accepts-doping-sanction/,U.S. Weightlifting Athlete Ian Wilson Accepts Sanction for Anti-Doping Rule Violation：個案公告標題及全部個案實質段落；含物質／規則、處分、日期與成績後果，止於通用教育資訊前,not_in_previous_44,
11,usada-22913fa5df5e,Ahje Palmer,舉重,2021,美國,Athlete,https://www.usada.org/sanction/ahje-palmer-accepts-doping-sanction/,U.S. Weightlifting Athlete Ahje Palmer Accepts Sanction for Anti-Doping Rule Violation：個案公告標題及全部個案實質段落；含物質／規則、處分、日期與成績後果，止於通用教育資訊前,not_in_previous_44,
12,usada-6cd0ab12872b,Regina Hancock,舉重,2021,美國,Athlete,https://www.usada.org/sanction/regina-hancock-accepts-doping-sanction/,U.S. Weightlifting Athlete Regina Hancock Accepts Sanction for Anti-Doping Rule Violation：個案公告標題及全部個案實質段落；含物質／規則、處分、日期與成績後果，止於通用教育資訊前,not_in_previous_44,
13,usada-7047ef231eac,Jacob Lacoste,舉重,2021,美國,Athlete,https://www.usada.org/sanction/jacob-lacoste-accepts-doping-sanction/,U.S. Weightlifting Athlete Jacob Lacoste Accepts Sanction for Anti-Doping Rule Violation：個案公告標題及全部個案實質段落；含物質／規則、處分、日期與成績後果，止於通用教育資訊前,not_in_previous_44,
14,usada-86ac6516e020,Luis Gallardo,舉重,2021,美國,Athlete,https://www.usada.org/sanction/luis-gallardo-receives-doping-sanction/,U.S. Masters Weightlifting Athlete Luis Gallardo Receives Maximum Sanction for Anti-Doping Rule Violation：個案公告標題及全部個案實質段落；含物質／規則、處分、日期與成績後果，止於通用教育資訊前,not_in_previous_44,
15,usada-956ec8818b4b,Jordan Adel,舉重,2021,美國,Athlete,https://www.usada.org/sanction/jordan-adel-accepts-doping-sanction/,U.S. Weightlifting Athlete Jordan Adel Accepts Sanction for Anti-Doping Rule Violation：個案公告標題及全部個案實質段落；含物質／規則、處分、日期與成績後果，止於通用教育資訊前,not_in_previous_44,
16,usada-c0bcc1cac884,Bernabe Chavez,舉重,2021,美國,Athlete Support Personnel,https://www.usada.org/sanction/ernest-prempeh-bernabe-chavez-accept-sanctions/,U.S. Weightlifting Coaches Ernest Prempeh and Bernabe Chavez Accept Sanctions for Anti-Doping Rule Violation：個案公告標題及全部個案實質段落；含物質／規則、處分、日期與成績後果，止於通用教育資訊前,not_in_previous_44,
17,usada-f72472960e40,Christian Buckley,舉重,2021,美國,Athlete,https://www.usada.org/sanction/christian-buckley-accepts-doping-sanction/,U.S. Weightlifting Athlete Christian Buckley Accepts Sanction for Anti-Doping Rule Violation：個案公告標題及全部個案實質段落；含物質／規則、處分、日期與成績後果，止於通用教育資訊前,not_in_previous_44,
18,usada-80101a12888d,Danielle Rante,舉重,2020,美國,Athlete,https://www.usada.org/sanction/danielle-rante-accepts-doping-sanction/,U.S. Weightlifting Athlete Danielle Rante Accepts Sanction for Anti-Doping Rule Violation：2020-07-22 原案全部實質段落；Weightlifting Athlete Danielle Rante Granted a Reduced Sanction：2022-11-03 減刑公告全部實質段落,not_in_previous_44,
19,usada-8eb48dbaf6e2,Morgan Millican,舉重,2020,美國,Athlete,https://www.usada.org/sanction/morgan-millican-accepts-doping-sanction/,U.S. Weightlifting Athlete Morgan Millican Accepts Sanction for Anti-Doping Rule Violation：個案公告標題及全部個案實質段落；含物質／規則、處分、日期與成績後果，止於通用教育資訊前,not_in_previous_44,
20,usada-90621c3eb5e4,Susanne Williams,舉重,2020,美國,Athlete,https://www.usada.org/sanction/susanne-williams-accepts-doping-sanction/,U.S. Weightlifting Athlete Susanne Williams Accepts Sanction for Anti-Doping Rule Violation：個案公告標題及全部個案實質段落；含物質／規則、處分、日期與成績後果，止於通用教育資訊前,not_in_previous_44,
21,usada-a54a0549888f,Matthew McCullough,舉重,2020,美國,Athlete,https://www.usada.org/sanction/matthew-mccullough-accepts-doping-sanction/,U.S. Weightlifting Athlete Matthew McCullough Accepts Sanction for Anti-Doping Rule Violation：個案公告標題及全部個案實質段落；含物質／規則、處分、日期與成績後果，止於通用教育資訊前,not_in_previous_44,
22,usada-fd1d2cf8f708,Megan Munsell,舉重,2020,美國,Athlete,https://www.usada.org/sanction/megan-munsell-accepts-doping-sanction/,U.S. Weightlifting Athlete Megan Munsell Accepts Sanction for Anti-Doping Rule Violation：個案公告標題及全部個案實質段落；含物質／規則、處分、日期與成績後果，止於通用教育資訊前,not_in_previous_44,
23,usada-496b0452d607,Robert Strange,舉重,2019,美國,Athlete,https://www.usada.org/sanction/robert-strange-accepts-doping-sanction/,U.S. Weightlifting Athlete Robert Strange Accepts Sanction for Anti-Doping Rule Violation：個案公告標題及全部個案實質段落；含物質／規則、處分、日期與成績後果，止於通用教育資訊前,not_in_previous_44,
24,usada-5a1c3cf5b36f,Josue Cano,舉重,2019,美國,Athlete,https://www.usada.org/sanction/josue-cano-receives-doping-sanction/,U.S. Weightlifting Athlete Josue Cano Receives Sanction for Anti-Doping Rule Violation：個案公告標題及全部個案實質段落；含物質／規則、處分、日期與成績後果，止於通用教育資訊前,not_in_previous_44,
25,usada-5eac04b001f6,Addison Jones,舉重,2019,美國,Athlete,https://www.usada.org/sanction/addison-jones-accepts-doping-violation/,U.S. Weightlifting Athlete Addison Jones Accepts Sanction for Anti-Doping Rule Violation：個案公告標題及全部個案實質段落；含物質／規則、處分、日期與成績後果，止於通用教育資訊前,not_in_previous_44,
26,usada-74510fc23e03,Darcie Warren,舉重,2019,美國,Athlete,https://www.usada.org/sanction/darcie-warren-receives-doping-sanction/,U.S. Weightlifting Athlete Darcie Warren Receives Sanction for Second Anti-Doping Rule Violation：個案公告標題及全部個案實質段落；含物質／規則、處分、日期與成績後果，止於通用教育資訊前,not_in_previous_44,
27,usada-75e40a8ec8cb,Mohamed Omar,舉重,2019,美國,Athlete,https://www.usada.org/sanction/mohamed-omar-receives-doping-sanction/,U.S. Weightlifting Athlete Mohamed Omar Receives Sanction for Anti-Doping Rule Violation：個案公告標題及全部個案實質段落；含物質／規則、處分、日期與成績後果，止於通用教育資訊前,not_in_previous_44,
28,usada-a504ae6790e5,Kaley Anderson,舉重,2019,美國,Athlete,https://www.usada.org/sanction/kaley-anderson-accept-doping-sanction/,U.S. Weightlifting Athlete Kaley Anderson Accepts Sanction for Anti-Doping Rule Violation：個案公告標題及全部個案實質段落；含物質／規則、處分、日期與成績後果，止於通用教育資訊前,not_in_previous_44,
29,usada-ae780d447bf0,Janelle Shafer,舉重,2019,美國,Athlete,https://www.usada.org/sanction/janelle-shafer-accepts-doping-sanction/,U.S. Weightlifting Athlete Janelle Shafer Accepts Sanction for Anti-Doping Rule Violation：個案公告標題及全部個案實質段落；含物質／規則、處分、日期與成績後果，止於通用教育資訊前,not_in_previous_44,
30,usada-b91273ba81fa,Angela Carlberg,舉重,2019,美國,Athlete,https://www.usada.org/sanction/angela-carlberg-accepts-public-warning/,U.S. Weightlifting Athlete Angela Carlberg Accepts Public Warning：個案公告標題及全部個案實質段落；含物質／規則、處分、日期與成績後果，止於通用教育資訊前,not_in_previous_44,
31,usada-c88c72084b13,Rowdy Hurst,舉重,2019,美國,Athlete,https://www.usada.org/sanction/rowdy-hurst-receives-doping-sanction/,U.S. Weightlifting Athlete Rowdy Hurst Receives Sanction for Anti-Doping Rule Violation：個案公告標題及全部個案實質段落；含物質／規則、處分、日期與成績後果，止於通用教育資訊前,not_in_previous_44,
32,usada-ceba58fad888,Natalie Franklin,舉重,2019,美國,Athlete,https://www.usada.org/sanction/natalie-franklin-receives-doping-sanction/,U.S. Weightlifting Athlete Natalie Franklin Receives Sanction for Anti-Doping Rule Violation：個案公告標題及全部個案實質段落；含物質／規則、處分、日期與成績後果，止於通用教育資訊前,not_in_previous_44,
33,usada-d11c3ef3a336,Nicole Maynard,舉重,2019,美國,Athlete,https://www.usada.org/sanction/nicole-maynard-receives-doping-sanction/,U.S. Weightlifting Athlete Nicole Maynard Receives Sanction for Anti-Doping Rule Violation：個案公告標題及全部個案實質段落；含物質／規則、處分、日期與成績後果，止於通用教育資訊前,not_in_previous_44,
34,usada-d4f42cda7250,Mandy Mosley,舉重,2019,美國,Athlete,https://www.usada.org/sanction/mandy-mosely-accepts-doping-sanction/,U.S. Weightlifting Athlete Mandy Mosley Accepts Sanction for Anti-Doping Rule Violation：個案公告標題及全部個案實質段落；含物質／規則、處分、日期與成績後果，止於通用教育資訊前,not_in_previous_44,
35,usada-faf9ebfb231f,Joe Sacklow,舉重,2019,美國,Athlete,https://www.usada.org/sanction/joe-sacklow-accepts-doping-sanction/,U.S. Weightlifting Athlete Joe Sacklow Accepts Sanction for Anti-Doping Rule Violation：個案公告標題及全部個案實質段落；含物質／規則、處分、日期與成績後果，止於通用教育資訊前,not_in_previous_44,
36,usada-0f9636fca02d,Trevor Cuicchi,舉重,2018,美國,Athlete,https://www.usada.org/sanction/trevor-cuicchi-accepts-doping-sanction/,U.S. Weightlifting Athlete Trevor Cuicchi Accepts Sanction for Anti-Doping Rule Violation：個案公告標題及全部個案實質段落；含物質／規則、處分、日期與成績後果，止於通用教育資訊前,not_in_previous_44,
37,usada-48d68f0e2e03,Ernest Prempeh,舉重,2018,美國,Athlete / Athlete Support Personnel,https://www.usada.org/sanction/ernest-prempeh-accepts-doping-sanction/,U.S. Weightlifting Athlete Ernest Prempeh Accepts Sanction for Anti-Doping Rule Violation：2019-05-07 原案公告：M3 檢體與四年期間、成績取消；U.S. Weightlifting Coaches Ernest Prempeh and Bernabe Chavez Accept Sanctions for Anti-Doping Rule Violation：2022-02-04 聯合公告：Prempeh 禁賽期間執教、追加四年、退休停算,not_in_previous_44,
38,usada-5e279c9e9968,Cameron Dudeck,舉重,2018,美國,Athlete,https://www.usada.org/sanction/cameron-dudeck-receives-doping-sanction/,U.S. Weightlifting Athlete Cameron Dudeck Receives Sanction for Anti-Doping Rule Violation：個案公告標題及全部個案實質段落；含物質／規則、處分、日期與成績後果，止於通用教育資訊前,not_in_previous_44,
39,usada-69dbcabe44bb,Joshua Gaskins,舉重,2018,美國,Athlete,https://www.usada.org/sanction/joshua-gaskins-receives-doping-sanction/,U.S. Weightlifting Athlete Joshua Gaskins Receives Sanction for Anti-Doping Rule Violation：個案公告標題及全部個案實質段落；含物質／規則、處分、日期與成績後果，止於通用教育資訊前,not_in_previous_44,
40,usada-6b18a7917171,Cheyenne Schenk,舉重,2018,美國,Athlete,https://www.usada.org/sanction/cheyenne-schenk-accepts-doping-sanction/,U.S. Weightlifting Athlete Cheyenne Schenk Accepts Sanction for Anti-Doping Rule Violation：個案公告標題及全部個案實質段落；含物質／規則、處分、日期與成績後果，止於通用教育資訊前,not_in_previous_44,
41,usada-8bbe5698646b,Abby Raymond,舉重,2018,美國,Athlete,https://www.usada.org/sanction/abby-raymond-accepts-doping-sanction/,U.S. Weightlifting Athlete Abby Raymond Accepts Sanction for Anti-Doping Rule Violation：個案公告標題及全部個案實質段落；含物質／規則、處分、日期與成績後果，止於通用教育資訊前,not_in_previous_44,
42,usada-9de5a5d1696d,Jessica Rivera,舉重,2018,美國,Athlete,https://www.usada.org/sanction/jessica-rivera-accepts-doping-sanction/,U.S. Weightlifting Athlete Jessica Rivera Accepts Sanction for Anti-Doping Rule Violation：個案公告標題及全部個案實質段落；含物質／規則、處分、日期與成績後果，止於通用教育資訊前,not_in_previous_44,
43,usada-d148c75dad18,Robert Brown,舉重,2018,美國,Athlete,https://www.usada.org/sanction/robert-brown-accepts-doping-sanction/,U.S. Weightlifting Athlete Robert Brown Accepts Sanction for Anti-Doping Rule Violation：個案公告標題及全部個案實質段落；含物質／規則、處分、日期與成績後果，止於通用教育資訊前,not_in_previous_44,
44,usada-e7f64638afe3,Taff Woolsey,舉重,2018,美國,Athlete,https://www.usada.org/sanction/taff-woolsey-accepts-doping-sanction/,U.S. Weightlifting Athlete Taff Woolsey Accepts Sanction for Anti-Doping Rule Violation：個案公告標題及全部個案實質段落；含物質／規則、處分、日期與成績後果，止於通用教育資訊前,not_in_previous_44,
45,usada-ea963f8d28c3,Tiffany Parlor,舉重,2018,美國,Athlete,https://www.usada.org/sanction/tiffany-parlor-recieves-doping-violation/,U.S. Weightlifting Athlete Tiffany Parlor Receives Sanction for Anti-Doping Rule Violation：個案公告標題及全部個案實質段落；含物質／規則、處分、日期與成績後果，止於通用教育資訊前,not_in_previous_44,
46,usada-123713999e9c,Scott Glasgow,舉重,2017,美國,Athlete Support Personnel,https://www.usada.org/sanction/scott-glasgow-accepts-doping-sanction/,U.S. Weightlifting Athlete Scott Glasgow Accepts Four-Year Ban for Anti-Doping Rule Violation：個案公告標題及全部個案實質段落；含物質／規則、處分、日期與成績後果，止於通用教育資訊前,not_in_previous_44,
47,usada-13a7b9335634,Amy Hay,舉重,2017,美國,Athlete,https://www.usada.org/sanction/aaa-panel-imposes-doping-sanction-amy-hay/,"AAA Panel Imposes Two-Year Sanction on Weightlifting Athlete Amy Hay for Doping Violation：2017-10-31 仲裁結果官方公告全部個案實質段落；U.S. Weightlifting Athlete, Amy Hay, Granted a Reduced Sanction：2019-12-16 減刑及退休復出公告全部實質段落",not_in_previous_44,
48,usada-1a29ad9ab5d6,Tam Nguyen,舉重,2017,美國,Athlete,https://www.usada.org/sanction/tam-nguyen-accepts-doping-sanction/,"U.S. Weightlifting Athlete, Tam Nguyen, Accepts Sanction for Anti-Doping Rule Violation：個案公告標題及全部個案實質段落；含物質／規則、處分、日期與成績後果，止於通用教育資訊前",not_in_previous_44,
49,usada-1b7ba3ce3c38,Frank Volrath,舉重,2017,美國,Athlete,https://www.usada.org/sanction/frank-volrath-accepts-doping-sanction/,U.S. Weightlifting Athlete Frank Volrath Accepts Sanction for Anti-Doping Rule Violation：個案公告標題及全部個案實質段落；含物質／規則、處分、日期與成績後果，止於通用教育資訊前,not_in_previous_44,
50,usada-22983a4911f9,Emily Malinowski,舉重,2017,美國,Athlete,https://www.usada.org/sanction/emily-malinowski-accepts-doping-sanction/,U.S. Weightlifting Athlete Emily Malinowski Accepts Sanction for Anti-Doping Rule Violation：個案公告標題及全部個案實質段落；含物質／規則、處分、日期與成績後果，止於通用教育資訊前,not_in_previous_44,
51,usada-3569c6e815d7,Alissandra Hipona,舉重,2017,美國,Athlete,https://www.usada.org/sanction/alissandra-hipona-accepts-doping-sanction/,U.S. Weightlifting Athlete Alissandra Hipona Accepts Sanction for Anti-Doping Rule Violation：個案公告標題及全部個案實質段落；含物質／規則、處分、日期與成績後果，止於通用教育資訊前,not_in_previous_44,
52,usada-3d848274e422,Teresa Britt,舉重,2017,美國,Athlete,https://www.usada.org/sanction/teresa-britt-accepts-doping-sanction/,U.S. Weightlifting Athlete Teresa Britt Accepts Sanction for Anti-Doping Rule Violation：個案公告標題及全部個案實質段落；含物質／規則、處分、日期與成績後果，止於通用教育資訊前,not_in_previous_44,
53,usada-5028b81a128b,Carlee Acevedo-Fuller,舉重,2017,美國,Athlete,https://www.usada.org/sanction/carlee-acevedo-fuller-accepts-doping-sanction/,"U.S. Weightlifting Athlete, Carlee Acevedo-Fuller, Accepts Sanction for Anti-Doping Rule Violation：個案公告標題及全部個案實質段落；含物質／規則、處分、日期與成績後果，止於通用教育資訊前",not_in_previous_44,
54,usada-74fda1ee0cc3,Miranda Merrell,舉重,2017,美國,Athlete,https://www.usada.org/sanction/miranda-merrell-accepts-doping-sanction/,U.S. Weightlifting Athlete Miranda Merrell Accepts Sanction for Anti-Doping Rule Violation：個案公告標題及全部個案實質段落；含物質／規則、處分、日期與成績後果，止於通用教育資訊前,not_in_previous_44,
55,usada-7d929fe046a9,Megan Palicka,舉重,2017,美國,Athlete,https://www.usada.org/sanction/megan-palicka-accepts-doping-sanction/,U.S. Weightlifting Athlete Megan Palicka Accepts Sanction for Anti-Doping Rule Violation：個案公告標題及全部個案實質段落；含物質／規則、處分、日期與成績後果，止於通用教育資訊前,not_in_previous_44,
56,usada-8b83386b3243,Alyssa Travis,舉重,2017,美國,Athlete,https://www.usada.org/sanction/alyssa-travis-accepts-doping-sanction/,U.S. Weightlifting Athlete Alyssa Travis Accepts Sanction for Anti-Doping Rule Violation：個案公告標題及全部個案實質段落；含物質／規則、處分、日期與成績後果，止於通用教育資訊前,not_in_previous_44,
57,usada-901736ce5e01,Lazaro Roman,舉重,2017,美國,Athlete,https://www.usada.org/sanction/lazaro-roman-accepts-doping-sanction/,U.S. Weightlifting Athlete Lazaro Roman Accepts Sanction for Anti-Doping Rule Violation：個案公告標題及全部個案實質段落；含物質／規則、處分、日期與成績後果，止於通用教育資訊前,not_in_previous_44,
58,usada-ab372572f1a9,Tyler Moore,舉重,2017,美國,Athlete,https://www.usada.org/sanction/tyler-moore-accepts-doping-sanction/,"U.S. Weightlifting Athlete, Tyler Moore, Accepts Sanction for Anti-Doping Rule Violation：個案公告標題及全部個案實質段落；含物質／規則、處分、日期與成績後果，止於通用教育資訊前",not_in_previous_44,
59,usada-bfeee80825b1,Kaitlyn Jarrett,舉重,2017,美國,Athlete,https://www.usada.org/sanction/kaitlyn-jarrett-accepts-doping-sanction/,U.S. Weightlifting Athlete Kaitlyn Jarrett Accepts Sanction for Anti-Doping Rule Violation：個案公告標題及全部個案實質段落；含物質／規則、處分、日期與成績後果，止於通用教育資訊前,not_in_previous_44,
60,usada-e211d17e78b9,Lemuel Grayson,舉重,2017,美國,Athlete,https://www.usada.org/sanction/lemuel-grayson-accepts-public-warning/,U.S. Weightlifting Athlete Lemuel Grayson Accepts Public Warning：個案公告標題及全部個案實質段落；含物質／規則、處分、日期與成績後果，止於通用教育資訊前,not_in_previous_44,
61,usada-f10f5acd5654,Zack Herbert,舉重,2017,美國,Athlete,https://www.usada.org/sanction/zack-herbert-accepts-doping-sanction/,"U.S. Weightlifting Athlete, Zack Herbert, Accepts Sanction for Anti-Doping Rule Violation：個案公告標題及全部個案實質段落；含物質／規則、處分、日期與成績後果，止於通用教育資訊前",not_in_previous_44,
62,usada-fc2334e2f733,Zachary Wuebben,舉重,2017,美國,Athlete,https://www.usada.org/sanction/zachary-wuebben-accepts-doping-sanction/,"U.S. Weightlifting Athlete, Zachary Wuebben, Accepts Sanction for Anti-Doping Rule Violation：個案公告標題及全部個案實質段落；含物質／規則、處分、日期與成績後果，止於通用教育資訊前",not_in_previous_44,
63,usada-005ef8b2c89f,Michael Nackoul,舉重,2016,美國,Athlete,https://www.usada.org/sanction/michael-nackoul-accepts-doping-sanction/,"U.S. Weightlifting Athlete, Michael Nackoul, Accepts Sanction for Non-Analytical Anti-Doping Rule Violation：個案公告標題及全部個案實質段落；含物質／規則、處分、日期與成績後果，止於通用教育資訊前",not_in_previous_44,
64,usada-35cf2f26656b,Nicole Moore,舉重,2016,美國,Athlete,https://www.usada.org/sanction/nicole-moore-accepts-doping-violation/,"U.S. Weightlifting Athlete, Moore, Accepts Sanction for Anti-Doping Rule Violation：個案公告標題及全部個案實質段落；含物質／規則、處分、日期與成績後果，止於通用教育資訊前",not_in_previous_44,
65,usada-3a2b44290235,Gabriel Dawson,舉重,2016,美國,Athlete,https://www.usada.org/sanction/gabriel-dawson-receives-doping-sanction/,"U.S. Weightlifting Athlete, Gabriel Dawson, Receives Sanction for Anti-Doping Rule Violation：個案公告標題及全部個案實質段落；含物質／規則、處分、日期與成績後果，止於通用教育資訊前",not_in_previous_44,
66,usada-3d04ba268799,Justin Glanville,舉重,2016,美國,Athlete,https://www.usada.org/sanction/justin-glanville-accepts-doping-sanction/,U.S. Weightlifting Athlete Justin Glanville Accepts Sanction for Anti-Doping Rule Violation：個案公告標題及全部個案實質段落；含物質／規則、處分、日期與成績後果，止於通用教育資訊前,not_in_previous_44,
67,usada-47a780e34432,Crystal Riggs,舉重,2016,美國,Athlete,https://www.usada.org/sanction/crystal-riggs-accepts-doping-sanction/,"U.S. Weightlifting Athlete, Riggs, Accepts Sanction for Anti-Doping Rule Violation：個案公告標題及全部個案實質段落；含物質／規則、處分、日期與成績後果，止於通用教育資訊前",not_in_previous_44,
68,usada-5c49a520d9f7,David Bayer,舉重,2016,美國,Athlete,https://www.usada.org/sanction/david-bayer-accepts-doping-sanction/,"U.S. Weightlifting Athlete, David Bayer, Accepts Sanction for Anti-Doping Rule Violation：個案公告標題及全部個案實質段落；含物質／規則、處分、日期與成績後果，止於通用教育資訊前",not_in_previous_44,
69,usada-6f442259c6e3,Anthony McLaughlin,舉重,2016,美國,Athlete,https://www.usada.org/sanction/anthony-mclaughlin-receives-doping-sanction/,U.S. Weightlifting Athlete Anthony McLaughlin Receives Sanction for Anti-Doping Rule Violation：個案公告標題及全部個案實質段落；含物質／規則、處分、日期與成績後果，止於通用教育資訊前,not_in_previous_44,
70,usada-74c3aeb782a0,Jessica Denney Phillips,舉重,2016,美國,Athlete,https://www.usada.org/sanction/jessica-phillips-accepts-doping-sanction/,"U.S. Weightlifting Athlete, Phillips, Accepts Sanction for Anti-Doping Rule Violation：個案公告標題及全部個案實質段落；含物質／規則、處分、日期與成績後果，止於通用教育資訊前",not_in_previous_44,
71,usada-97da51a4cd91,Angelique Matsushima,舉重,2016,美國,Athlete,https://www.usada.org/sanction/angelique-matsushima-accepts-doping-sanction/,"U.S. Weightlifting Athlete, Matsushima, Accepts Sanction for Anti-Doping Rule Violation：個案公告標題及全部個案實質段落；含物質／規則、處分、日期與成績後果，止於通用教育資訊前",not_in_previous_44,
72,usada-a19d120a5a90,Brandon Reyes,舉重,2016,美國,Athlete,https://www.usada.org/sanction/brandon-reyes-accepts-doping-sanction/,"U.S. Weightlifting Athlete, Reyes, Accepts Sanction for Anti-Doping Rule Violation：個案公告標題及全部個案實質段落；含物質／規則、處分、日期與成績後果，止於通用教育資訊前",not_in_previous_44,
73,usada-a866a19663a5,Robert Kyle Dosterschill,舉重,2016,美國,Athlete,https://www.usada.org/sanction/robert-dosterschill-accepts-doping-sanction/,"U.S. Weightlifting Athlete, Robert Dosterschill, Accepts Sanction For Anti-Doping Rule Violation：個案公告標題及全部個案實質段落；含物質／規則、處分、日期與成績後果，止於通用教育資訊前",not_in_previous_44,
74,usada-e238095a79ab,Vincent Pierik,舉重,2016,美國,Athlete,https://www.usada.org/sanction/vincent-pierik-accepts-doping-sanction/,"U.S. Weightlifting Athlete, Pierik, Accepts Sanction for Anti-Doping Rule Violation：個案公告標題及全部個案實質段落；含物質／規則、處分、日期與成績後果，止於通用教育資訊前",not_in_previous_44,
75,usada-1359b69cc9a8,Joseph Roberto,舉重,2015,美國,Athlete,https://www.usada.org/sanction/roberto-receives-doping-sanction/,"US Weightlifting Athlete, Roberto, Receives Sanction for Anti-Doping Rule Violation：個案公告標題及全部個案實質段落；含物質／規則、處分、日期與成績後果，止於通用教育資訊前",not_in_previous_44,
76,usada-2a7f0468db54,Michael Zoda,舉重,2015,美國,Athlete,https://www.usada.org/sanction/michael-zoda-accepts-doping-sanction/,U.S. Weightlifting Athlete Michael Zoda Accepts Sanction for Non-Analytical Anti-Doping Rule Violation：個案公告標題及全部個案實質段落；含物質／規則、處分、日期與成績後果，止於通用教育資訊前,not_in_previous_44,
77,usada-5ba221c74afd,Chris Hyun Cho,舉重,2015,美國,Athlete,https://www.usada.org/sanction/hyun-cho-accepts-doping-saction/,"US Weightlifting Athlete, Cho, Accepts Sanction for Anti-Doping Rule Violation：個案公告標題及全部個案實質段落；含物質／規則、處分、日期與成績後果，止於通用教育資訊前",not_in_previous_44,
78,usada-64a436bacae4,Michael Gingras,舉重,2015,美國,Athlete Support Personnel,https://www.usada.org/sanction/michael-gingras-accepts-doping-sanction/,"U.S. Weightlifting Coach, Michael Gingras, Accepts Sanction for Anti-Doping Rule Violation：個案公告標題及全部個案實質段落；含物質／規則、處分、日期與成績後果，止於通用教育資訊前",not_in_previous_44,
79,usada-83915e97921c,Jeff Prusmack,舉重,2015,美國,Athlete,https://www.usada.org/sanction/jeff-prusmack-accepts-doping-sanction/,U.S. Weightlifting Athlete Jeff Prusmack Accepts Sanction for Anti-Doping Rule Violation：個案公告標題及全部個案實質段落；含物質／規則、處分、日期與成績後果，止於通用教育資訊前,not_in_previous_44,
80,usada-a71a79541adf,Cicely Kyle,舉重,2015,美國,Athlete,https://www.usada.org/sanction/cicely-kyle-accepts-doping-sanction/,"US Weightlifting Athlete, Kyle, Accepts Sanction For Anti-Doping Rule Violation：個案公告標題及全部個案實質段落；含物質／規則、處分、日期與成績後果，止於通用教育資訊前",not_in_previous_44,
81,usada-b95ab234ef5b,Daniel Lehr,舉重,2015,美國,Athlete,https://www.usada.org/sanction/daniel-lehr-accepts-doping-sanction/,"U.S. Weightlifting Athlete, Lehr, Accepts Sanction for Anti-Doping Rule Violation：個案公告標題及全部個案實質段落；含物質／規則、處分、日期與成績後果，止於通用教育資訊前",not_in_previous_44,
82,usada-1205b7548666,Scott Hisaka,舉重,2014,美國,Athlete,https://www.usada.org/sanction/scott-hisaka-accepts-doping-sanction/,U.S. Weightlifting Athlete Scott Hisaka Accepts Sanction for Anti-Doping Rule Violation：個案公告標題及全部個案實質段落；含物質／規則、處分、日期與成績後果，止於通用教育資訊前,not_in_previous_44,
83,usada-c624acaae104,Andrew Vrabel,舉重,2013,美國,Athlete,https://www.usada.org/sanction/andrew-vrabel-accepts-doping-sanction/,"U.S. Weightlifting Athlete, Vrabel, Accepts Sanction for Non-Analytical Anti-Doping Rule Violation：個案公告標題及全部個案實質段落；含物質／規則、處分、日期與成績後果，止於通用教育資訊前",not_in_previous_44,
84,usada-03cbaa641dbb,Christian DesChamps,自行車,2023,美國,Athlete,https://www.usada.org/sanction/christian-deschamps-accepts-anti-doping-violation/,U.S. Cycling Athlete Christian DesChamps Accepts Sanction for Whereabouts Rule Violation：個案公告標題及全部個案實質段落；含物質／規則、處分、日期與成績後果，止於通用教育資訊前,not_in_previous_44,
85,usada-16f2d1c7b31c,Frank Travieso,自行車,2023,美國,Athlete,https://www.usada.org/sanction/frank-travieso-accepts-doping-sanction/,U.S. Cycling Athlete Frank Travieso Accepts Sanction for Anti-Doping Rule Violation：個案公告標題及全部個案實質段落；含物質／規則、處分、日期與成績後果，止於通用教育資訊前,not_in_previous_44,
86,usada-79470a91247a,Roger Whitham,自行車,2023,美國,Athlete,https://www.usada.org/sanction/roger-whitham-accepts-doping-sanction/,U.S. Cycling Athlete Roger Whitham Accepts Sanction for Anti-Doping Rule Violation：個案公告標題及全部個案實質段落；含物質／規則、處分、日期與成績後果，止於通用教育資訊前,not_in_previous_44,
87,usada-8091f0d610a6,Ina Pfuhler,自行車,2023,美國,Athlete,https://www.usada.org/sanction/ina-pfuhler-accepts-doping-sanction/,U.S. Cycling Athlete Ina Pfuhler Accepts Sanction for Anti-Doping Rule Violation：個案公告標題及全部個案實質段落；含物質／規則、處分、日期與成績後果，止於通用教育資訊前,not_in_previous_44,
88,usada-da041cee5592,John Frey,自行車,2023,美國,Athlete,https://www.usada.org/sanction/john-frey-accepts-doping-sanction/,U.S. Cycling Athlete John Frey Accepts Sanction for Anti-Doping Rule Violation：個案公告標題及全部個案實質段落；含物質／規則、處分、日期與成績後果，止於通用教育資訊前,not_in_previous_44,
89,usada-06a9eec196b6,Lucas Howes,自行車,2022,美國,Athlete,https://www.usada.org/sanction/lucas-howes-accepts-doping-sanction/,U.S. BMX Athlete Lucas Howes Accepts Sanction for Anti-Doping Rule Violation：個案公告標題及全部個案實質段落；含物質／規則、處分、日期與成績後果，止於通用教育資訊前,not_in_previous_44,
90,usada-5f1f4ed8c4a9,Alejandra Echeverri,自行車,2022,美國,Athlete,https://www.usada.org/sanction/alejandra-echeverri-accepts-doping-sanction/,U.S. Cycling Athlete Alejandra Echeverri Accepts 12-Month Sanction for Anti-Doping Rule Violations：個案公告標題及全部個案實質段落；含物質／規則、處分、日期與成績後果，止於通用教育資訊前,not_in_previous_44,
91,usada-77feffe8dfef,Nelson Trujillo,自行車,2022,美國,Athlete,https://www.usada.org/sanction/nelson-trujillo-accepts-doping-sanction/,U.S. Cycling Athlete Nelson Trujillo Accepts Sanction for Anti-Doping Rule Violations：個案公告標題及全部個案實質段落；含物質／規則、處分、日期與成績後果，止於通用教育資訊前,not_in_previous_44,
92,usada-a11b3068ba54,Hanncer Valdes,自行車,2022,美國,Athlete,https://www.usada.org/sanction/hanncer-valdes-receives-doping-sanction/,U.S. Cycling Athlete Hanncer Valdes Receives Sanction for Anti-Doping Rule Violation：個案公告標題及全部個案實質段落；含物質／規則、處分、日期與成績後果，止於通用教育資訊前,not_in_previous_44,
93,usada-d7d75c2efaf9,Sidney Andrew,自行車,2022,美國,Athlete,https://www.usada.org/sanction/sidney-andrew-accepts-doping-sanction/,U.S. Cycling Athlete Sidney Andrew Accepts Sanction for Anti-Doping Rule Violation：個案公告標題及全部個案實質段落；含物質／規則、處分、日期與成績後果，止於通用教育資訊前,not_in_previous_44,
94,usada-f3337bee1348,Geony Borrego Lee,自行車,2022,美國,Athlete,https://www.usada.org/sanction/geony-borrego-accepts-doping-sanction/,U.S. Cycling Athlete Geony Borrego Lee Accepts Sanction for Anti-Doping Rule Violation：個案公告標題及全部個案實質段落；含物質／規則、處分、日期與成績後果，止於通用教育資訊前,not_in_previous_44,
95,usada-1035e17c5288,Daniel Summerhill,自行車,2021,美國,Athlete,https://www.usada.org/sanction/daniel-summerhill-accepts-doping-sanction/,U.S. Cycling Athlete Daniel Summerhill Accepts Sanction for Anti-Doping Rule Violation：個案公告標題及全部個案實質段落；含物質／規則、處分、日期與成績後果，止於通用教育資訊前,not_in_previous_44,
96,usada-669c86e73b92,McAben Prince,自行車,2021,美國,Athlete,https://www.usada.org/sanction/mcaben-receives-doping-sanction/,U.S. Cycling Athlete McAben Prince Receives Sanction for Anti-Doping Rule Violation：個案公告標題及全部個案實質段落；含物質／規則、處分、日期與成績後果，止於通用教育資訊前,not_in_previous_44,
97,usada-81ca863aa55c,Matt McWhirter,自行車,2021,美國,Athlete,https://www.usada.org/sanction/matt-mcwhirter-accepts-doping-sanction/,U.S. Cycling Athlete Matt McWhirter Accepts Sanction for Anti-Doping Rule Violation：個案公告標題及全部個案實質段落；含物質／規則、處分、日期與成績後果，止於通用教育資訊前,not_in_previous_44,
98,usada-82602147d7d4,Brian Abers,自行車,2021,美國,Athlete,https://www.usada.org/sanction/brian-abers-accepts-doping-sanction/,U.S. Cycling Athlete Brian Abers Accepts Sanction for Anti-Doping Rule Violation：個案公告標題及全部個案實質段落；含物質／規則、處分、日期與成績後果，止於通用教育資訊前,not_in_previous_44,
99,usada-ad29940bbb3c,"Jackson ""Huntley"" Nash",自行車,2021,美國,Athlete,https://www.usada.org/sanction/jackson-huntley-nash-receives-doping-sanction/,U.S. Cycling Athlete Jackson “Huntley” Nash Receives Lifetime Sanction for Anti-Doping Rule Violations：個案公告標題及全部個案實質段落；含物質／規則、處分、日期與成績後果，止於通用教育資訊前,not_in_previous_44,
100,usada-4cabe0247888,Jeff Martin,自行車,2020,美國,Athlete,https://www.usada.org/sanction/jeff-martin-accepts-doping-sanction/,U.S. Cycling Athlete Jeff Martin Accepts Sanction for Anti-Doping Rule Violation：個案公告標題及全部個案實質段落；含物質／規則、處分、日期與成績後果，止於通用教育資訊前,not_in_previous_44,
101,usada-707cea3b489e,Jonathan Wood,自行車,2019,美國,Athlete,https://www.usada.org/sanction/jonathan-wood-accepts-doping-sanction/,U.S. Cycling Athlete Jonathan Wood Accepts Sanction for Anti-Doping Rule Violation：個案公告標題及全部個案實質段落；含物質／規則、處分、日期與成績後果，止於通用教育資訊前,not_in_previous_44,
102,usada-8a0a2483bd13,Barbara Gicquel,自行車,2019,美國,Athlete,https://www.usada.org/sanction/barbara-gicquel-accepts-doping-sanction-2/,U.S. Cycling Athlete Barbara Gicquel Accepts Sanction for Anti-Doping Rule Violation：個案公告標題及全部個案實質段落；含物質／規則、處分、日期與成績後果，止於通用教育資訊前,not_in_previous_44,
103,usada-9dd4639a6aac,Robert Pelegrin,自行車,2019,美國,Athlete,https://www.usada.org/sanction/robert-pelegrin-accepts-doping-sanction/,U.S. Cycling Athlete Robert Pelegrin Accepts Sanction for Anti-Doping Rule Violation：個案公告標題及全部個案實質段落；含物質／規則、處分、日期與成績後果，止於通用教育資訊前,not_in_previous_44,
104,usada-fe88676c094a,John Gleaves,自行車,2019,美國,Athlete,https://www.usada.org/sanction/john-gleaves-accepts-doping-sanction/,U.S. Cycling Athlete John Gleaves Accepts Sanction for Anti-Doping Rule Violation：個案公告標題及全部個案實質段落；含物質／規則、處分、日期與成績後果，止於通用教育資訊前,not_in_previous_44,
105,usada-139867b729db,Steven Strickler,自行車,2018,美國,Athlete,https://www.usada.org/sanction/steven-strickler-receives-doping-sanction/,U.S. Cycling Athlete Steven Strickler Receives Sanction for Anti-Doping Rule Violation：個案公告標題及全部個案實質段落；含物質／規則、處分、日期與成績後果，止於通用教育資訊前,not_in_previous_44,
106,usada-1b4c6223d309,Michel Carrillo,自行車,2018,美國,Athlete,https://www.usada.org/sanction/michel-carrillo-receives-doping-sanction/,U.S. Cycling Athlete Michel Carrillo Receives Sanction for Anti-Doping Rule Violation：個案公告標題及全部個案實質段落；含物質／規則、處分、日期與成績後果，止於通用教育資訊前,not_in_previous_44,
107,usada-48b4a6a3d8f2,Carl Grove,自行車,2018,美國,Athlete,https://www.usada.org/sanction/carl-grove-accepts-public-warning/,U.S. Cycling Athlete Carl Grove Accepts Public Warning：個案公告標題及全部個案實質段落；含物質／規則、處分、日期與成績後果，止於通用教育資訊前,not_in_previous_44,
108,usada-5b1d89435a80,Bruce Mazur,自行車,2018,美國,Athlete,https://www.usada.org/sanction/bruce-mazur-receives-doping-sanction/,U.S. Cycling Athlete Bruce Mazur Receives Sanction for Anti-Doping Rule Violation：個案公告標題及全部個案實質段落；含物質／規則、處分、日期與成績後果，止於通用教育資訊前,not_in_previous_44,
109,usada-671281fb69ce,Ty Kurth,自行車,2018,美國,Athlete,https://www.usada.org/sanction/ty-kurth-accepts-doping-sanction/,U.S. Cycling Athlete Ty Kurth Accepts Sanction for Anti-Doping Rule Violation：個案公告標題及全部個案實質段落；含物質／規則、處分、日期與成績後果，止於通用教育資訊前,not_in_previous_44,
110,usada-7892ab1bda15,Ira Sorensen,自行車,2018,美國,Athlete,https://www.usada.org/sanction/ira-sorensen-accepts-doping-sanction/,U.S. Cycling Athlete Ira Sorensen Accepts Sanction for Anti-Doping Rule Violation：個案公告標題及全部個案實質段落；含物質／規則、處分、日期與成績後果，止於通用教育資訊前,not_in_previous_44,
111,usada-998b9264b440,Mijail Gonzalez,自行車,2018,美國,Athlete,https://www.usada.org/sanction/mijail-gonzalez-accepts-doping-sanction/,U.S. Cycling Athlete Mijail Gonzalez Accepts Sanction for Anti-Doping Rule Violation：個案公告標題及全部個案實質段落；含物質／規則、處分、日期與成績後果，止於通用教育資訊前,not_in_previous_44,
112,usada-9c2bd61dbab6,Raul Diaz,自行車,2018,美國,Athlete,https://www.usada.org/sanction/raul-diaz-accepts-doping-sanction/,U.S. Cycling Athlete Raul Diaz Accepts Sanction for Anti-Doping Rule Violation：個案公告標題及全部個案實質段落；含物質／規則、處分、日期與成績後果，止於通用教育資訊前,not_in_previous_44,
113,usada-a54b4661de47,Enrique Lopez,自行車,2018,美國,Athlete,https://www.usada.org/sanction/enrique-lopez-receives-doping-sanction/,U.S. Cycling Athlete Enrique Lopez Receives Sanction for Anti-Doping Rule Violation：個案公告標題及全部個案實質段落；含物質／規則、處分、日期與成績後果，止於通用教育資訊前,not_in_previous_44,
114,usada-a7c95fd980c0,Jennifer Pate,自行車,2018,美國,Athlete,https://www.usada.org/sanction/jennifer-pate-accepts-doping-sanction/,U.S. Cycling Athlete Jennifer Pate Accepts Sanction for Anti-Doping Rule Violation：個案公告標題及全部個案實質段落；含物質／規則、處分、日期與成績後果，止於通用教育資訊前,not_in_previous_44,
115,usada-acd5a54c3768,David Pate,自行車,2018,美國,Athlete,https://www.usada.org/sanction/david-pate-receives-doping-sanction/,U.S. Cycling Athlete David Pate Receives Sanction for Anti-Doping Rule Violation：個案公告標題及全部個案實質段落；含物質／規則、處分、日期與成績後果，止於通用教育資訊前,not_in_previous_44,
116,usada-d75ed8b5f7e7,Joseph Baratto,自行車,2018,美國,Athlete,https://www.usada.org/sanction/joseph-baratto-accepts-doping-sanction/,U.S. Cycling Athlete Joseph Baratto Accepts Sanction for Anti-Doping Rule Violation：個案公告標題及全部個案實質段落；含物質／規則、處分、日期與成績後果，止於通用教育資訊前,not_in_previous_44,
117,usada-e6341e3462ec,Stephen Bedford,自行車,2018,美國,Athlete,https://www.usada.org/sanction/stephen-bedford-accepts-doping-sanction/,U.S. Cycling Athlete Stephen Bedford Accepts Sanction for Anti-Doping Rule Violation：個案公告標題及全部個案實質段落；含物質／規則、處分、日期與成績後果，止於通用教育資訊前,not_in_previous_44,
118,usada-e833e68d19e3,Scott Gross,自行車,2018,美國,Athlete,https://www.usada.org/sanction/scott-gross-accepts-doping-sanction/,U.S. Cycling Athlete Scott Gross Accepts Sanction for Anti-Doping Rule Violation：個案公告標題及全部個案實質段落；含物質／規則、處分、日期與成績後果，止於通用教育資訊前,not_in_previous_44,
119,usada-ea0049989423,Jeff Tanski,自行車,2018,美國,Athlete,https://www.usada.org/sanction/jeff-tanski-receives-doping-sanction/,U.S. Cycling Athlete Jeff Tanski Receives Sanction for Anti-Doping Rule Violation：個案公告標題及全部個案實質段落；含物質／規則、處分、日期與成績後果，止於通用教育資訊前,not_in_previous_44,
120,usada-2c9f4748c39c,Jay Henderson,自行車,2017,美國,Athlete,https://www.usada.org/sanction/jay-henderson-accepts-doping-sanction/,U.S. Cycling Athlete Jay Henderson Accepts Sanction for Anti-Doping Rule Violation：個案公告標題及全部個案實質段落；含物質／規則、處分、日期與成績後果，止於通用教育資訊前,not_in_previous_44,
121,usada-5dd19e96b68c,Craig Webb,自行車,2017,美國,Athlete,https://www.usada.org/sanction/craig-webb-accepts-doping-sanction/,"U.S. Cycling Athlete Craig Webb, of Traverse City, Mich., Accepts Sanction for Anti-Doping Rule Violation：個案公告標題及全部個案實質段落；含物質／規則、處分、日期與成績後果，止於通用教育資訊前",not_in_previous_44,
122,usada-7ecfb208518e,Roger Ainslie,自行車,2017,美國,Athlete,https://www.usada.org/sanction/roger-ainslie-accepts-doping-sanction/,U.S. Cycling Athlete Roger Ainslie Accepts Sanction for Anti-Doping Rule Violation：個案公告標題及全部個案實質段落；含物質／規則、處分、日期與成績後果，止於通用教育資訊前,not_in_previous_44,
123,usada-870d48eb51f7,John Schiefer,自行車,2017,美國,Athlete,https://www.usada.org/sanction/john-schiefer-accepts-doping-sanction/,"U.S. Cycling Athlete, John Schiefer, Accepts Sanction for Anti-Doping Rule Violation：個案公告標題及全部個案實質段落；含物質／規則、處分、日期與成績後果，止於通用教育資訊前",not_in_previous_44,
124,usada-a190ab7e50ab,Scot Harvey,自行車,2017,美國,Athlete,https://www.usada.org/sanction/scot-harvey-accepts-doping-sanction/,"U.S. Cycling Athlete, Scot Harvey, Accepts Sanction for Anti-Doping Rule Violation：個案公告標題及全部個案實質段落；含物質／規則、處分、日期與成績後果，止於通用教育資訊前",not_in_previous_44,
125,usada-acfba90a8905,Amanda Geving,自行車,2017,美國,Athlete,https://www.usada.org/sanction/amanda-geving-accepts-doping-sanction/,"U.S. Cycling Athlete, Amanda Geving, Accepts Sanction for Anti-Doping Rule Violation：個案公告標題及全部個案實質段落；含物質／規則、處分、日期與成績後果，止於通用教育資訊前",not_in_previous_44,
126,usada-b16d0fb75234,Barry Miller,自行車,2017,美國,Athlete,https://www.usada.org/sanction/barry-miller-accepts-doping-sanction/,U.S. Cycling Athlete Barry Miller Accepts Sanction for Anti-Doping Rule Violation：個案公告標題及全部個案實質段落；含物質／規則、處分、日期與成績後果，止於通用教育資訊前,not_in_previous_44,
127,usada-c42379b4285c,Daniel Frazier,自行車,2017,美國,Athlete,https://www.usada.org/sanction/daniel-frazier-accepts-doping-sanction/,U.S. Cycling Athlete Daniel Frazier Accepts Sanction for Anti-Doping Rule Violation：個案公告標題及全部個案實質段落；含物質／規則、處分、日期與成績後果，止於通用教育資訊前,not_in_previous_44,
128,usada-dd1a97e9431d,Shaun Moffett,自行車,2017,美國,Athlete,https://www.usada.org/sanction/shaun-moffett-accepts-doping-sanction/,U.S. Cycling Athlete Shaun Moffett Accepts Sanction for Anti-Doping Rule Violation：2018-04-24 原案全部個案實質段落；U.S. Cycling Athlete Shaun Moffett Accepts Additional Sanction for Violating Period of Ineligibility：2018-10-19 追加處分全部實質段落,not_in_previous_44,
129,usada-e6a03aa80344,David Less,自行車,2017,美國,Athlete,https://www.usada.org/sanction/david-less-accepts-doping-sanction/,U.S. Cycling Athlete David Less Accepts Sanction for Anti-Doping Rule Violation：個案公告標題及全部個案實質段落；含物質／規則、處分、日期與成績後果，止於通用教育資訊前,not_in_previous_44,
130,usada-fe4d160648aa,Dylan Lima,自行車,2017,美國,Athlete,https://www.usada.org/sanction/dylan-lima-accepts-doping-sanction/,U.S. Cycling Athlete Dylan Lima Accepts Sanction for Anti-Doping Rule Violation：個案公告標題及全部個案實質段落；含物質／規則、處分、日期與成績後果，止於通用教育資訊前,not_in_previous_44,
131,usada-359e0f8decd5,Jeff Schwab,自行車,2016,美國,Athlete,https://www.usada.org/sanction/jeff-schwab-accepts-doping-sanction/,"U.S. Cycling Athlete, Schwab, Accepts Sanction for Anti-Doping Rule Violation：個案公告標題及全部個案實質段落；含物質／規則、處分、日期與成績後果，止於通用教育資訊前",not_in_previous_44,
132,usada-38afed413abd,Buster Brown,自行車,2016,美國,Athlete,https://www.usada.org/sanction/buster-brown-accepts-doping-sanction/,U.S. Cycling Athlete Buster Brown Accepts Sanction for Anti-Doping Rule Violation：個案公告標題及全部個案實質段落；含物質／規則、處分、日期與成績後果，止於通用教育資訊前,not_in_previous_44,
133,usada-6fde059a15f4,Mary Verrando-Higgins,自行車,2016,美國,Athlete,https://www.usada.org/sanction/mary-verrando-higgins-accepts-doping-sanction/,"U.S. Cycling Athlete, Verrando-Higgins, Accepts Sanction for Anti-Doping Rule Violation：個案公告標題及全部個案實質段落；含物質／規則、處分、日期與成績後果，止於通用教育資訊前",not_in_previous_44,
134,usada-8bd7326e338b,Tim Root,自行車,2016,美國,Athlete,https://www.usada.org/sanction/tim-root-receives-doping-sanction/,"U.S. Cycling Athlete, Root, Receives Sanction for Anti-Doping Rule Violation：個案公告標題及全部個案實質段落；含物質／規則、處分、日期與成績後果，止於通用教育資訊前",not_in_previous_44,
135,usada-9078b2b3f8b8,Shawn D'Aurelio,自行車,2016,美國,Athlete,https://www.usada.org/sanction/shawn-daurelio-accepts-sanction/,"U.S. Cycling Athlete, D’Aurelio, Accepts Sanction for Anti-Doping Rule Violation：個案公告標題及全部個案實質段落；含物質／規則、處分、日期與成績後果，止於通用教育資訊前",not_in_previous_44,
136,usada-b06931c0b392,Robert Baatz,自行車,2016,美國,Athlete,https://www.usada.org/sanction/robert-baatz-accepts-doping-sanction/,"U.S. Cycling Athlete, Baatz, Accepts Sanction for Anti-Doping Rule Violation：個案公告標題及全部個案實質段落；含物質／規則、處分、日期與成績後果，止於通用教育資訊前",not_in_previous_44,
137,usada-bdc4265e8819,Kimberly Ciolli,自行車,2016,美國,Athlete,https://www.usada.org/sanction/kimberly-ciolli-accepts-doping-sanction/,"U.S. Cycling Athlete, Ciolli, Accepts Sanction for Anti-Doping Rule Violation：個案公告標題及全部個案實質段落；含物質／規則、處分、日期與成績後果，止於通用教育資訊前",not_in_previous_44,
138,usada-32c2c6bdacff,Michael Buckley,自行車,2015,美國,Athlete,https://www.usada.org/sanction/michael-buckley-accepts-sanction/,"US Cycling Athlete, Buckley, Accepts Sanction for Anti-Doping Rule Violation：個案公告標題及全部個案實質段落；含物質／規則、處分、日期與成績後果，止於通用教育資訊前",not_in_previous_44,
139,usada-8ad943acd5b0,Jeffery Miller,自行車,2015,美國,Athlete,https://www.usada.org/sanction/jeffery-miller-accepts-sanction/,U.S. Cycling Athlete Jeffery Miller Accepts Sanction for Anti-Doping Rule Violations：個案公告標題及全部個案實質段落；含物質／規則、處分、日期與成績後果，止於通用教育資訊前,not_in_previous_44,
140,usada-aebc5c3ff7f3,Vahe Aivazian,自行車,2010,美國,Athlete,https://www.usada.org/sanction/vahe-aivazian-accepts-doping-sanction/,U.S. Cycling Athlete Vahe Aivazian Accepts Sanction for Anti-Doping Rule Violation：個案公告標題及全部個案實質段落；含物質／規則、處分、日期與成績後果，止於通用教育資訊前,not_in_previous_44,
141,usada-e05e2fe6db96,Thomas Luton,自行車,2010,美國,Athlete,https://www.usada.org/sanction/thomas-luton-receives-sanction/,"U.S. Cycling Athlete, Luton, Receives Sanction for Non-Analytical Anti-Doping Rule Violation：個案公告標題及全部個案實質段落；含物質／規則、處分、日期與成績後果，止於通用教育資訊前",not_in_previous_44,
142,usada-9aa5cea0cfe1,Tammy Thomas,自行車,2002,美國,Athlete,https://www.usada.org/sanction/u-s-cyclist-thomas-receives-lifetime-suspension-from-usada-for-positive-drug-test/,"U.S. Cyclist Thomas Receives Lifetime Suspension From USADA For Positive Drug Test：2002-08-30 原仲裁結果公告全部實質段落，至通用 USADA 介紹前；U.S. Cycling Athlete, Thomas, Granted a Reduced Sanction：2017-02-13 減刑公告全部實質段落",not_in_previous_44,
143,usada-25958bca1e21,Cary Cooper,田徑,2024,美國,Athlete,https://www.usada.org/sanction/cary-cooper-accepts-doping-sanction/,U.S. Track and Field Athlete Cary Cooper Accepts Sanction for Anti-Doping Rule Violation：個案公告標題及全部個案實質段落；含物質／規則、處分、日期與成績後果，止於通用教育資訊前,not_in_previous_44,
144,usada-56c015d731e4,Johnny Maynard,田徑,2024,美國,Athlete,https://www.usada.org/sanction/johnny-maynard-accepts-doping-sanction/,U.S. Track and Field Athlete Johnny Maynard Accepts Sanction for Anti-Doping Rule Violation：個案公告標題及全部個案實質段落；含物質／規則、處分、日期與成績後果，止於通用教育資訊前,not_in_previous_44,
145,usada-7774f20822ed,Robert Jerry Qualls,田徑,2024,美國,Athlete,https://www.usada.org/sanction/robert-qualls-accepts-doping-sanction/,U.S. Track & Field Athlete Robert Qualls Accepts Sanction for Anti-Doping Rule Violation：2024-06-26 公告全文：U.S. 標題、採樣物質、三年期間與成績取消；Track & Field Athlete Robert Jerry Qualls Accepts Additional Sanction for Violating Period of Ineligibility：2025-08-13 公告全文：兩場違規參賽、追加三個月與三十九個月總期間,not_in_previous_44,
146,usada-73473ebf3acd,Ana Irizarry,田徑,2022,美國,Athlete,https://www.usada.org/sanction/ana-irizarry-accepts-doping-sanction/,U.S. Track & Field Athlete Ana Irizarry Accepts Sanction for Anti-Doping Rule Violation：個案公告標題及全部個案實質段落；含物質／規則、處分、日期與成績後果，止於通用教育資訊前,not_in_previous_44,
147,usada-091e5bf27388,Lindsey Scherf,田徑,2021,美國,Athlete,https://www.usada.org/sanction/lindsey-scherf-accepts-doping-sanction/,U.S. Track & Field Athlete Lindsey Scherf Accepts Sanction for Anti-Doping Rule Violation：個案公告標題及全部個案實質段落；含物質／規則、處分、日期與成績後果，止於通用教育資訊前,held,採納年齡配對疑義。新下載 USADA 公告仍為 2022-11-29，內文稱 37 歲；World Athletics 出生日期 1986-09-18 推得當時 36 歲。原提案誤寫 2024 年公告。暫不解除本件國家待補證，不把來源差異稱為虛構案例。
148,usada-8644c327e2ca,Todd Davis,田徑,2019,美國,Athlete,https://www.usada.org/sanction/todd-davis-receives-doping-sanction/,U.S. Track and Field Athlete Todd Davis Receives Sanction for Anti-Doping Rule Violation：個案公告標題及全部個案實質段落；含物質／規則、處分、日期與成績後果，止於通用教育資訊前,not_in_previous_44,
149,usada-0c3ec7a2af1e,Scott McPherson,田徑,2017,美國,Athlete,https://www.usada.org/sanction/scott-mcpherson-receives-doping-sanction/,"U.S. Track & Field Athlete, Scott McPherson, Receives Sanction for Anti-Doping Rule Violation：個案公告標題及全部個案實質段落；含物質／規則、處分、日期與成績後果，止於通用教育資訊前",not_in_previous_44,
150,usada-89c25ce0aa40,Darien Moore,田徑,2017,美國,Athlete,https://www.usada.org/sanction/darien-moore-accepts-doping-sanction/,"U.S. Track & Field Athlete, Darien Moore, Accepts Sanction for Anti-Doping Rule Violation：個案公告標題及全部個案實質段落；含物質／規則、處分、日期與成績後果，止於通用教育資訊前",not_in_previous_44,
151,usada-1198265168e2,Liz Palmer,田徑,2016,美國,Athlete,https://www.usada.org/sanction/liz-palmer-accepts-doping-sanction/,"U.S. Track & Field Athlete, Palmer, Accepts Sanction for Anti-Doping Rule Violation：個案公告標題及全部個案實質段落；含物質／規則、處分、日期與成績後果，止於通用教育資訊前",not_in_previous_44,
152,usada-55dafea87f5e,Kayla Bushey,田徑,2016,美國,Athlete,https://www.usada.org/sanction/kayla-bushey-accepts-doping-sanction/,"U.S. Track & Field Athlete, Kayla Bushey, Accepts Sanction for Anti-Doping Rule Violation：個案公告標題及全部個案實質段落；含物質／規則、處分、日期與成績後果，止於通用教育資訊前",not_in_previous_44,
153,usada-fcfbbcf8949b,Jonathan Sanford,田徑,2016,美國,Athlete,https://www.usada.org/sanction/jonathan-sanford-accepts-doping-sanction/,U.S. Track & Field Athlete Jonathan Sanford Accepts Sanction for Anti-Doping Rule Violations：個案公告標題及全部個案實質段落；含物質／規則、處分、日期與成績後果，止於通用教育資訊前,not_in_previous_44,
154,usada-47db4d671c02,Vikas Patel,田徑,2015,美國,Athlete,https://www.usada.org/sanction/vikas-patel-accepts-doping-sanction/,U.S. Track & Field Athlete Vikas Patel Accepts Sanction for Anti-Doping Rule Violations：個案公告標題及全部個案實質段落；含物質／規則、處分、日期與成績後果，止於通用教育資訊前,not_in_previous_44,
155,usada-4ab89c689116,Atlanta Westbrook,田徑,2015,美國,Athlete,https://www.usada.org/sanction/atlanta-westbrook-accepts-doping-sanction/,U.S. Track & Field Athlete Atlanta Westbrook Accepts Sanction for Anti-Doping Rule Violations：個案公告標題及全部個案實質段落；含物質／規則、處分、日期與成績後果，止於通用教育資訊前,not_in_previous_44,
156,usada-5682bad4c39a,Royce Dates,田徑,2015,美國,Athlete,https://www.usada.org/sanction/royce-dates-accepts-doping-sanction/,U.S. Track & Field Athlete Royce Dates Accepts Sanction for Anti-Doping Rule Violations：個案公告標題及全部個案實質段落；含物質／規則、處分、日期與成績後果，止於通用教育資訊前,not_in_previous_44,
157,usada-994755070e39,Kenna Wolter,田徑,2015,美國,Athlete,https://www.usada.org/sanction/kenna-wolter-accepts-doping-sanction/,U.S. Track & Field Athlete Kenna Wolter Accepts Sanction for Anti-Doping Rule Violations：個案公告標題及全部個案實質段落；含物質／規則、處分、日期與成績後果，止於通用教育資訊前,not_in_previous_44,
158,usada-1f56bc7e39f1,Nick Mossberg,田徑,2014,美國,Athlete,https://www.usada.org/sanction/nicholas-mossberg-accepts-doping-sanction/,"U.S. Track & Field Athlete, Mossberg, Accepts Sanction for Non-Analytical Anti-Doping Rule Violation：個案公告標題及全部個案實質段落；含物質／規則、處分、日期與成績後果，止於通用教育資訊前",not_in_previous_44,
159,usada-2368662f3457,Cliff Nielson,田徑,2014,美國,Athlete,https://www.usada.org/sanction/cliff-nielson-receives-doping-sanction/,"U.S. Track & Field Athlete, Cliff Nielson, Receives Sanction for Non-Analytical Anti-Doping Rule Violation：個案公告標題及全部個案實質段落；含物質／規則、處分、日期與成績後果，止於通用教育資訊前",not_in_previous_44,
160,usada-edde57057db6,Cody Bidlow,田徑,2013,美國,Athlete,https://www.usada.org/sanction/cody-bidlow-accepts-sanction/,"U.S. Track & Field Athlete, Bidlow, Accepts Sanction for Non-Analytical Anti-Doping Rule Violation：個案公告標題及全部個案實質段落；含物質／規則、處分、日期與成績後果，止於通用教育資訊前",not_in_previous_44,
161,usada-c0ec4fad5514,Thomas Cawley,田徑,2011,美國,Athlete,https://www.usada.org/sanction/thomas-cawley-accepts-doping-sanction/,"U.S. Track & Field Athlete, Cawley, Accepts Sanction for Non-Analytical Anti-Doping Rule Violation：個案公告標題及全部個案實質段落；含物質／規則、處分、日期與成績後果，止於通用教育資訊前",not_in_previous_44,
162,usada-a065a9e92dd5,Dryden McKay,冰球,2022,美國,Athlete,https://www.usada.org/sanction/dryden-mckay-accepts-doping-sanction/,U.S. Hockey Athlete Dryden McKay Accepts Sanction for Anti-Doping Rule Violation：個案公告標題及全部個案實質段落；含物質／規則、處分、日期與成績後果，止於通用教育資訊前,not_in_previous_44,
163,usada-5f2ba9170fdc,Grace Bowlby,冰球,2021,美國,Athlete,https://www.usada.org/sanction/grace-bowlby-accepts-public-warning/,U.S. Ice Hockey Athlete Grace Bowlby Accepts Public Warning：個案公告標題及全部個案實質段落；含物質／規則、處分、日期與成績後果，止於通用教育資訊前,not_in_previous_44,
164,usada-f8c1f2c29e25,Madeline Wethington,冰球,2021,美國,Athlete,https://www.usada.org/sanction/madeline-wethington-accepts-public-warning/,U.S. Ice Hockey Athlete Madeline Wethington Accepts Public Warning：個案公告標題及全部個案實質段落；含物質／規則、處分、日期與成績後果，止於通用教育資訊前,not_in_previous_44,
165,usada-7df0d8ede93d,Keir Pearson,划船,2021,美國,Athlete,https://www.usada.org/sanction/keir-pearson-accepts-doping-sanction/,U.S. Rowing Athlete Keir Pearson Accepts Lifetime Ban for Anti-Doping Rule Violations：個案公告標題及全部個案實質段落；含物質／規則、處分、日期與成績後果，止於通用教育資訊前,not_in_previous_44,
166,usada-cbc321b291f0,Wyatt Struxness,地板滾球,2022,美國,Athlete,https://www.usada.org/sanction/wyatt-struxness-accepts-public-warning/,U.S. Boccia Athlete Wyatt Struxness Accepts Public Warning：個案公告標題及全部個案實質段落；含物質／規則、處分、日期與成績後果，止於通用教育資訊前,not_in_previous_44,
167,usada-70b898158395,James Vennera,射箭,2018,美國,Athlete,https://www.usada.org/sanction/james-vennera-accepts-public-warning/,U.S. Archery Athlete James Vennera Accepts Public Warning：個案公告標題及全部個案實質段落；含物質／規則、處分、日期與成績後果，止於通用教育資訊前,not_in_previous_44,
168,usada-0f682f5a12d7,Marck Harrison,帕拉地板滾球,2018,美國,Athlete,https://www.usada.org/sanction/marck-harrison-accepts-public-warning/,U.S. Paralympic Boccia Athlete Marck Harrison Accepts Public Warning：個案公告標題及全部個案實質段落；含物質／規則、處分、日期與成績後果，止於通用教育資訊前,not_in_previous_44,
169,usada-c3a050be56a3,Richard Burkett,帕拉射箭,2020,美國,Athlete,https://www.usada.org/sanction/richard-burkett-accepts-doping-sanction/,U.S. Paralympic Archery Athlete Richard Burkett Accepts Sanction for Anti-Doping Rule Violation：個案公告標題及全部個案實質段落；含物質／規則、處分、日期與成績後果，止於通用教育資訊前,not_in_previous_44,
170,usada-05c2efe09f20,Trey Lampkin,帕拉柔道,2021,美國,Athlete,https://www.usada.org/sanction/trey-lampkin-accepts-public-warning/,U.S. Paralympic Judo Athlete Trey Lampkin Accepts Public Warning：個案公告標題及全部個案實質段落；含物質／規則、處分、日期與成績後果，止於通用教育資訊前,not_in_previous_44,
171,usada-f708f100d313,Josh Sisson,帕拉柔道,2021,美國,Athlete,https://www.usada.org/sanction/josh-sisson-receives-doping-sanction/,U.S. Paralympic Judo Athlete Josh Sisson Receives Sanction for Anti-Doping Rule Violation：個案公告標題及全部個案實質段落；含物質／規則、處分、日期與成績後果，止於通用教育資訊前,not_in_previous_44,
172,usada-b0f378938e1f,Gregory Walker,帕拉田徑,2022,美國,Athlete,https://www.usada.org/sanction/gregory-walker-accepts-doping-sanction/,U.S. Paralympic Track & Field Athlete Gregory Walker Accepts Sanction for Anti-Doping Rule Violation：個案公告標題及全部個案實質段落；含物質／規則、處分、日期與成績後果，止於通用教育資訊前,not_in_previous_44,
173,usada-557b3d045e61,Jamaal Daniels,帕拉田徑,2021,美國,Athlete Support Personnel,https://www.usada.org/sanction/jamaal-daniels-accepts-doping-sanction/,U.S. Paralympic Track & Field Coach Jamaal Daniels Accepts Sanction for Anti-Doping Rule Violation：個案公告標題及全部個案實質段落；含物質／規則、處分、日期與成績後果，止於通用教育資訊前,not_in_previous_44,
174,usada-0c3eeb120b51,Peter Park,帕拉田徑,2016,美國,Athlete,https://www.usada.org/sanction/peter-park-accepts-doping-sanction/,"U.S. Track & Field Para Athlete, Peter Park, Accepts Sanction for Anti-Doping Rule Violation：個案公告標題及全部個案實質段落；含物質／規則、處分、日期與成績後果，止於通用教育資訊前",not_in_previous_44,
175,usada-cc59982303fb,Jason Griffin,帕拉自行車,2018,美國,Athlete,https://www.usada.org/sanction/jason-griffin-accepts-doping-sanction/,U.S. Paralympic Cycling Athlete Jason Griffin Accepts Sanction for Anti-Doping Rule Violation：個案公告標題及全部個案實質段落；含物質／規則、處分、日期與成績後果，止於通用教育資訊前,not_in_previous_44,
176,usada-cca09860726b,Joseph Lamour,手球,2016,美國,Athlete,https://www.usada.org/sanction/joseph-lamour-receives-doping-sanction/,"U.S. Handball Athlete, Lamour, Receives Sanction for Anti-Doping Rule Violation：個案公告標題及全部個案實質段落；含物質／規則、處分、日期與成績後果，止於通用教育資訊前",not_in_previous_44,
177,usada-365cbd5fbcea,Arika Skoog,拳擊,2022,美國,Athlete,https://www.usada.org/sanction/arika-skoog-accepts-doping-sanction/,U.S. Boxing Athlete Arika Skoog Accepts Sanction for Anti-Doping Rule Violation：個案公告標題及全部個案實質段落；含物質／規則、處分、日期與成績後果，止於通用教育資訊前,not_in_previous_44,
178,usada-7da5b8af5ba7,Tyler Sundeen,曲棍球,2023,美國,Athlete,https://www.usada.org/sanction/tyler-sundeen-accepts-doping-sanction/,U.S. Field Hockey Athlete Tyler Sundeen Accepts Sanction for Anti-Doping Rule Violation：個案公告標題及全部個案實質段落；含物質／規則、處分、日期與成績後果，止於通用教育資訊前,not_in_previous_44,
179,usada-2428086c1745,Tara Harbert,棒球,2015,美國,Athlete,https://www.usada.org/sanction/tara-harbert-accepts-doping-sanction/,"US Baseball Athlete, Harbert, Receives Sanction For Anti-Doping Rule Violations：個案公告標題及全部個案實質段落；含物質／規則、處分、日期與成績後果，止於通用教育資訊前",not_in_previous_44,
180,usada-edbbe5e82ff0,Riekert Hattingh,橄欖球,2022,美國,Athlete,https://www.usada.org/sanction/riekert-hattingh-accepts-doping-sanction/,U.S. Rugby Athlete Riekert Hattingh Accepts Sanction for Anti-Doping Rule Violation：個案公告標題及全部個案實質段落；含物質／規則、處分、日期與成績後果，止於通用教育資訊前,not_in_previous_44,
181,usada-6d48feafc5e9,Nia Williams,橄欖球,2015,美國,Athlete,https://www.usada.org/sanction/nia-williams-receives-doping-sanction/,"U.S. Rugby Athlete, Williams, Receives Sanction for Anti-Doping Rule Violations：個案公告標題及全部個案實質段落；含物質／規則、處分、日期與成績後果，止於通用教育資訊前",not_in_previous_44,
182,usada-9e3ec5e00217,Isabel Gormley,游泳,2021,美國,Athlete,https://www.usada.org/sanction/isabel-gormley-accepts-sanction/,U.S. Swimming Athlete Isabel Gormley Accepts Sanction for Whereabouts Rule Violation：個案公告標題及全部個案實質段落；含物質／規則、處分、日期與成績後果，止於通用教育資訊前,not_in_previous_44,
183,usada-c19d2e9f8557,Tate Jackson,游泳,2021,美國,Athlete,https://www.usada.org/sanction/tate-jackson-accepts-sanction/,U.S. Swimming Athlete Tate Jackson Accepts the Minimum Applicable Sanction of One Month for Anti-Doping Rule Violation：個案公告標題及全部個案實質段落；含物質／規則、處分、日期與成績後果，止於通用教育資訊前,not_in_previous_44,
184,usada-a6e4b38ecdbe,Samantha Dumala,滑水,2020,美國,Athlete,https://www.usada.org/sanction/samantha-dumala-accepts-public-warning/,U.S. Waterskiing Athlete Samantha Dumala Accepts Public Warning：個案公告標題及全部個案實質段落；含物質／規則、處分、日期與成績後果，止於通用教育資訊前,not_in_previous_44,
185,usada-8d214edc5d96,Logan Storie,現代五項,2020,美國,Athlete,https://www.usada.org/sanction/logan-storie-accepts-doping-sanction/,U.S. Pentathlon Athlete Logan Storie Accepts Sanction for Anti-Doping Rule Violation：個案公告標題及全部個案實質段落；含物質／規則、處分、日期與成績後果，止於通用教育資訊前,not_in_previous_44,
186,usada-8acc4528cb6b,Addie Bracy,田徑／超級馬拉松,2023,美國,Athlete,https://www.usada.org/sanction/addie-bracy-accepts-public-warning/,U.S. Ultrarunning and Track & Field Athlete Addie Bracy Accepts Public Warning：個案公告標題及全部個案實質段落；含物質／規則、處分、日期與成績後果，止於通用教育資訊前,not_in_previous_44,
187,usada-e7645ab29f67,Joseph Mazzie,直排輪曲棍球,2016,美國,Athlete,https://www.usada.org/sanction/joseph-mazzie-accepts-doping-sanction/,"U.S. Roller Hockey Athlete, Mazzie, Accepts Sanction for Anti-Doping Rule Violation：個案公告標題及全部個案實質段落；含物質／規則、處分、日期與成績後果，止於通用教育資訊前",not_in_previous_44,
188,usada-f534d40de6df,Janel Tisinger-Ledkins,短柄牆球,2019,美國,Athlete,https://www.usada.org/sanction/janel-tisinger-ledkins-accepts-doping-sanction/,U.S. Racquetball Athlete Janel Tisinger-Ledkins Accepts Sanction for Anti-Doping Rule Violation：個案公告標題及全部個案實質段落；含物質／規則、處分、日期與成績後果，止於通用教育資訊前,not_in_previous_44,
189,usada-f49825dfb87e,Sharon Jackson,短柄牆球,2018,美國,Athlete,https://www.usada.org/sanction/sharon-jackson-accepts-public-warning/,U.S. Racquetball Athlete Sharon Jackson Accepts Public Warning：個案公告標題及全部個案實質段落；含物質／規則、處分、日期與成績後果，止於通用教育資訊前,not_in_previous_44,
190,usada-1afebbd6c57b,Cesar Colunga,空手道,2018,美國,Athlete,https://www.usada.org/sanction/cesar-colunga-accepts-doping-sanction/,U.S. Karate Athlete Cesar Colunga Accepts Sanction for Anti-Doping Rule Violation：個案公告標題及全部個案實質段落；含物質／規則、處分、日期與成績後果，止於通用教育資訊前,not_in_previous_44,
191,usada-9c8b8e7bbb4c,Chris Creveling,競速滑冰,2016,美國,Athlete,https://www.usada.org/sanction/chris-creveling-accepts-doping-sanction/,"U.S. Speed Skating Athlete, Chris Creveling, Accepts Sanction for Anti-Doping Rule Violation：個案公告標題及全部個案實質段落；含物質／規則、處分、日期與成績後果，止於通用教育資訊前",not_in_previous_44,
192,usada-507362151651,Rachel Campbell,舉重／CrossFit,2018,美國,Athlete,https://www.usada.org/sanction/rachel-campbell-receives-doping-sanction/,U.S. Weightlifting Athlete Rachel Campbell Receives Sanction for Anti-Doping Rule Violation：個案公告標題及全部個案實質段落；含物質／規則、處分、日期與成績後果，止於通用教育資訊前,not_in_previous_44,
193,usada-8e3e0cdfe74b,Victoria Francis,角力,2018,美國,Athlete,https://www.usada.org/sanction/victoria-francis-accepts-doping-sanction/,U.S. Wrestling Athlete Victoria Francis Accepts Sanction for Anti-Doping Rule Violation：個案公告標題及全部個案實質段落；含物質／規則、處分、日期與成績後果，止於通用教育資訊前,not_in_previous_44,
194,usada-48f0300507d6,Michael Dunkum,角力,2013,美國,Athlete,https://www.usada.org/sanction/michael-dunkum-accepts-sanction/,"U.S. Wrestling Athlete, Dunkum, Accepts Sanction for Non-Analytical Anti-Doping Rule Violation：個案公告標題及全部個案實質段落；含物質／規則、處分、日期與成績後果，止於通用教育資訊前",not_in_previous_44,
195,usada-b6074d0cf1fc,Lindsey Corrigan,跆拳道,2022,美國,Athlete,https://www.usada.org/sanction/lindsey-corrigan-accepts-doping-sanction/,U.S. Taekwondo Athlete Lindsey Corrigan Accepts Sanction for Anti-Doping Rule Violation：個案公告標題及全部個案實質段落；含物質／規則、處分、日期與成績後果，止於通用教育資訊前,not_in_previous_44,
196,usada-4518fb0dbd4d,Talina Le,跆拳道,2019,美國,Athlete,https://www.usada.org/sanction/talina-le-accepts-doping-sanction/,U.S. Taekwondo Athlete Talina Le Accepts Sanction for Anti-Doping Rule Violation：個案公告標題及全部個案實質段落；含物質／規則、處分、日期與成績後果，止於通用教育資訊前,not_in_previous_44,
197,usada-8813abb5dfc8,James Howe II,跆拳道,2016,美國,Athlete,https://www.usada.org/sanction/james-howe-accepts-doping-sanction/,"U.S. Taekwondo Athlete, Howe II, Accepts Sanction for Anti-Doping Rule Violation：個案公告標題及全部個案實質段落；含物質／規則、處分、日期與成績後果，止於通用教育資訊前",not_in_previous_44,
198,usada-2a3f0160a9f3,Andrii Monastyrskyi,輕艇,2022,美國,Athlete,https://www.usada.org/sanction/andrii-monastyrskyi-accepts-doping-sanction/,U.S. Canoe Athlete Andrii Monastyrskyi Accepts Sanction for Anti-Doping Rule Violation：個案公告標題及全部個案實質段落；含物質／規則、處分、日期與成績後果，止於通用教育資訊前,not_in_previous_44,
199,usada-4c30c4355448,Robert Prenoveau,輪椅冰壺,2016,美國,Athlete,https://www.usada.org/sanction/robert-prenoveau-accepts-public-warning/,"U.S. Wheelchair Curling Athlete, Robert Prenoveau, Accepts Public Warning for Anti-Doping Rule Violation：個案公告標題及全部個案實質段落；含物質／規則、處分、日期與成績後果，止於通用教育資訊前",not_in_previous_44,
200,usada-806eab5af83f,Sarah Heinzl,輪椅籃球,2017,美國,Athlete,https://www.usada.org/sanction/sarah-heinzl-accepts-public-warning-anti-doping-rule-violation/,"U.S. Wheelchair Basketball Athlete, Sarah Heinzl, Accepts Public Warning for Anti-Doping Rule Violation：個案公告標題及全部個案實質段落；含物質／規則、處分、日期與成績後果，止於通用教育資訊前",not_in_previous_44,
201,usada-de625da34c51,Dylan Fischbach,輪椅籃球,2015,美國,Athlete,https://www.usada.org/sanction/dylan-fischbach-accepts-doping-sanction/,"US Paralympic Basketball Athlete, Fischbach, Accepts Sanction For Anti-Doping Rule Violation：2015-12-18 公告全部個案段落：身分、拒絕採樣日期、兩年處分與成績取消；U.S. Paralympic Basketball Athlete, Fischbach, Receives Disqualification of Results For Violating Period Of Ineligibility：2016-04-11 更新全部個案段落：NWBA 大學賽事參賽、過失判斷及追加取消成績",not_in_previous_44,
202,usada-2afd16a939d4,Noah Webb,鐵人三項,2021,美國,Athlete,https://www.usada.org/sanction/noah-webb-accepts-doping-sanction/,U.S. Triathlon Athlete Noah Webb Accepts Sanction for Anti-Doping Rule Violation：個案公告標題及全部個案實質段落；含物質／規則、處分、日期與成績後果，止於通用教育資訊前,not_in_previous_44,
203,usada-b714a3c460a7,Lauren Goss,鐵人三項,2019,美國,Athlete,https://www.usada.org/sanction/lauren-goss-accepts-doping-sanction/,U.S. Triathlon Athlete Lauren Goss Accepts Sanction for Anti-Doping Rule Violation：個案公告標題及全部個案實質段落；含物質／規則、處分、日期與成績後果，止於通用教育資訊前,not_in_previous_44,
204,usada-07d30b0088c7,Julie Rosiek,鐵人三項,2017,美國,Athlete,https://www.usada.org/sanction/julie-rosiek-accepts-doping-sanction/,U.S. Triathlete Julie Rosiek Accepts Sanction for Anti-Doping Rule Violation：個案公告標題及全部個案實質段落；含物質／規則、處分、日期與成績後果，止於通用教育資訊前,not_in_previous_44,
205,usada-31d2d25d4314,Michael Meacham,鐵人三項,2017,美國,Athlete,https://www.usada.org/sanction/michael-meacham-accepts-doping-sanction/,U.S. Triathlon Athlete Michael Meacham Accepts Sanction for Anti-Doping Rule Violation：個案公告標題及全部個案實質段落；含物質／規則、處分、日期與成績後果，止於通用教育資訊前,not_in_previous_44,
206,usada-6e7d139bba18,Nicholas Gough,鐵人三項,2017,美國,Athlete,https://www.usada.org/sanction/nicholas-gough-receives-doping-sanction/,U.S. Triathlete Nicholas Gough Receives Sanction for Anti-Doping Rule Violation：個案公告標題及全部個案實質段落；含物質／規則、處分、日期與成績後果，止於通用教育資訊前,not_in_previous_44,
207,usada-e52ee6c67921,Lisa Roberts,鐵人三項,2017,美國,Athlete,https://www.usada.org/sanction/lisa-roberts-accepts-public-warning-doping-violation/,U.S. Triathlon Athlete Lisa Roberts Accepts Public Warning for Anti-Doping Rule Violation：個案公告標題及全部個案實質段落；含物質／規則、處分、日期與成績後果，止於通用教育資訊前,not_in_previous_44,
208,usada-e202db4ec31d,Ashley Paulson,鐵人三項,2015,美國,Athlete,https://www.usada.org/sanction/ashley-paulson-accepts-sanction/,"US Triathlon Athlete, Paulson, Accepts Sanction for Anti-Doping Rule Violation：個案公告標題及全部個案實質段落；含物質／規則、處分、日期與成績後果，止於通用教育資訊前",not_in_previous_44,
209,usada-2791db22edc5,Bill Beyer,鐵人三項,2010,美國,Athlete,https://www.usada.org/sanction/bill-beyer-accepts-doping-sanction/,U.S. Triathlon Athlete Bill Beyer Accepts Sanction for Anti-Doping Rule Violation：個案公告標題及全部個案實質段落；含物質／規則、處分、日期與成績後果，止於通用教育資訊前,not_in_previous_44,
210,usada-a187e411794f,Mallory Schafer,鐵人三項／鐵人兩項,2019,美國,Athlete,https://www.usada.org/sanction/mallory-schafer-accepts-doping-sanction/,U.S. Triathlon Athlete Mallory Schafer Accepts Sanction for Anti-Doping Rule Violation：個案公告標題及全部個案實質段落；含物質／規則、處分、日期與成績後果，止於通用教育資訊前,not_in_previous_44,
211,usada-5b6cb4ab463d,Riley Stohr,雪橇,2017,美國,Athlete,https://www.usada.org/sanction/riley-stohr-accepts-doping-sanction/,"U.S. Luge Athlete, Riley Stohr, Accepts Sanction for Anti-Doping Rule Violation：個案公告標題及全部個案實質段落；含物質／規則、處分、日期與成績後果，止於通用教育資訊前",not_in_previous_44,
212,usada-b54bb0c30eb2,Kyler Allison,雪車,2019,美國,Athlete,https://www.usada.org/sanction/kyler-allison-receives-doping-sanction/,U.S. Bobsled Athlete Kyler Allison Receives Sanction for Anti-Doping Rule Violation：個案公告標題及全部個案實質段落；含物質／規則、處分、日期與成績後果，止於通用教育資訊前,not_in_previous_44,
213,usada-a0a7483bcc7e,J.C. Cruse,雪車,2017,美國,Athlete,https://www.usada.org/sanction/jc-cruse-accepts-doping-sanction/,"U.S. Bobsled Athlete, J.C. Cruse, Accepts Sanction for Anti-Doping Rule Violation：個案公告標題及全部個案實質段落；含物質／規則、處分、日期與成績後果，止於通用教育資訊前",not_in_previous_44,
214,usada-f40282760e72,"Patrick ""Dillon"" Schrodt",雪車,2017,美國,Athlete,https://www.usada.org/sanction/patrick-schrodt-accepts-doping-sanction/,"U.S. Bobsled Athlete, Patrick Schrodt, Accepts Sanction for Anti-Doping Rule Violation：個案公告標題及全部個案實質段落；含物質／規則、處分、日期與成績後果，止於通用教育資訊前",not_in_previous_44,
215,usada-09d96ec873e6,Susan Dutta,馬術,2016,美國,Athlete,https://www.usada.org/sanction/susan-dutta-accepts-public-warning-for-anti-doping-rule-violation/,"U.S. Equestrian Athlete, Dutta, Accepts Public Warning for Anti-Doping Rule Violation：個案公告標題及全部個案實質段落；含物質／規則、處分、日期與成績後果，止於通用教育資訊前",not_in_previous_44,
